BEGIN TRANSACTION;

CREATE TABLE IF NOT EXISTS tasks (
  id TEXT PRIMARY KEY,
  title TEXT NOT NULL,
  description TEXT,
  status INTEGER DEFAULT 0,
  due_date INTEGER,
  created_at INTEGER DEFAULT (unixepoch()),
  updated_at INTEGER DEFAULT (unixepoch()),
  is_deleted INTEGER DEFAULT 0
);

CREATE TABLE IF NOT EXISTS tags (
  id TEXT PRIMARY KEY,
  name TEXT NOT NULL UNIQUE,
  is_deleted INTEGER DEFAULT 0
);

CREATE TABLE IF NOT EXISTS task_tags (
  task_id TEXT NOT NULL,
  tag_id  TEXT NOT NULL,
  updated_at INTEGER DEFAULT (unixepoch()),
  is_deleted INTEGER DEFAULT 0,
  PRIMARY KEY (task_id, tag_id),
  FOREIGN KEY (task_id) REFERENCES tasks(id) ON DELETE CASCADE,
  FOREIGN KEY (tag_id)  REFERENCES tags(id)  ON DELETE CASCADE
);

INSERT INTO tasks (id, title, description, status, due_date)
VALUES
  ('10000000-0000-4000-8000-000000000001', 'Buy groceries', 'Milk, eggs, bread, bananas, chicken', 0, unixepoch('2026-03-19')),
  ('10000000-0000-4000-8000-000000000002', 'Clean garage', 'Organize tools and donate old items', 0, unixepoch('2026-04-05')),
  ('10000000-0000-4000-8000-000000000003', 'Schedule dentist appointment', 'Regular checkup - call Dr. Smith', 0, unixepoch('2026-03-25')),
  ('10000000-0000-4000-8000-000000000004', 'Plan vacation', 'Research destinations and book flights for August', 0, unixepoch('2026-03-30')),
  ('10000000-0000-4000-8000-000000000005', 'Fix leaky faucet', 'Kitchen sink has been dripping', 1, unixepoch('2026-03-20')),
  ('10000000-0000-4000-8000-000000000006', 'Renew car registration', 'Expires end of month', 0, unixepoch('2026-03-31')),
  ('10000000-0000-4000-8000-000000000007', 'Plant summer garden', 'Tomatoes, basil, and peppers', 2, NULL),
  ('10000000-0000-4000-8000-000000000008', 'Organize photo albums', 'Sort through vacation photos from last year', 0, unixepoch('2026-04-15')),
  ('10000000-0000-4000-8000-000000000009', 'Finish quarterly report', 'Sales analysis and projections for Q2', 0, unixepoch('2026-03-18')),
  ('10000000-0000-4000-8000-000000000010', 'Prepare presentation', 'Client meeting on marketing strategy', 1, unixepoch('2026-03-22')),
  ('10000000-0000-4000-8000-000000000011', 'Review team proposals', 'Evaluate 3 project proposals from development team', 0, unixepoch('2026-03-24')),
  ('10000000-0000-4000-8000-000000000012', 'Update website content', 'Refresh product descriptions and testimonials', 0, unixepoch('2026-04-01')),
  ('10000000-0000-4000-8000-000000000013', 'Conduct performance reviews', 'Annual reviews for 5 team members', 0, unixepoch('2026-04-10')),
  ('10000000-0000-4000-8000-000000000014', 'Budget planning meeting', 'Prepare for next fiscal year planning', 0, unixepoch('2026-03-26')),
  ('10000000-0000-4000-8000-000000000015', 'Submit expense reports', 'Last month business travel expenses', 2, NULL),
  ('10000000-0000-4000-8000-000000000016', 'Client follow-up calls', 'Touch base with 3 key accounts', 1, unixepoch('2026-03-19')),
  ('10000000-0000-4000-8000-000000000017', 'Start morning jog routine', 'Begin 30-minute daily runs', 1, unixepoch('2026-03-20')),
  ('10000000-0000-4000-8000-000000000018', 'Book annual physical', 'Schedule with Dr. Johnson', 0, unixepoch('2026-03-28')),
  ('10000000-0000-4000-8000-000000000019', 'Join yoga class', 'Find local studio and register', 0, unixepoch('2026-04-03')),
  ('10000000-0000-4000-8000-000000000020', 'Meal prep for week', 'Prepare healthy lunches and snacks', 0, unixepoch('2026-03-21')),
  ('10000000-0000-4000-8000-000000000021', 'Read "The Art of War"', 'Finish business strategy book', 1, unixepoch('2026-04-12')),
  ('10000000-0000-4000-8000-000000000022', 'Complete online course', 'Digital marketing certification', 0, unixepoch('2026-04-20')),
  ('10000000-0000-4000-8000-000000000023', 'Practice Spanish', 'Use language app for 30 minutes daily', 1, NULL),
  ('10000000-0000-4000-8000-000000000024', 'Attend networking event', 'Chamber of Commerce mixer', 0, unixepoch('2026-03-29')),
  ('10000000-0000-4000-8000-000000000025', 'Call Alice', 'Catch up on life updates', 1, NULL),
  ('10000000-0000-4000-8000-000000000026', 'Plan moms birthday party', 'Organize family gathering for next month', 0, unixepoch('2026-04-08')),
  ('10000000-0000-4000-8000-000000000027', 'Meet friends for dinner', 'Saturday night at new Italian restaurant', 0, unixepoch('2026-04-02')),
  ('10000000-0000-4000-8000-000000000028', 'Send thank you cards', 'Wedding gift acknowledgments', 0, unixepoch('2026-03-23')),
  ('10000000-0000-4000-8000-000000000029', 'Babysit nephew', 'Help sister on Saturday afternoon', 0, unixepoch('2026-04-04')),
  ('10000000-0000-4000-8000-000000000030', 'Backup computer files', 'External drive and cloud storage sync', 0, unixepoch('2026-03-27')),
  ('10000000-0000-4000-8000-000000000031', 'Update passwords', 'Change all important account passwords', 1, unixepoch('2026-03-21')),
  ('10000000-0000-4000-8000-000000000032', 'Install security cameras', 'Set up home monitoring system', 0, unixepoch('2026-04-06')),
  ('10000000-0000-4000-8000-000000000033', 'Clean out email inbox', 'Archive old messages and unsubscribe', 1, unixepoch('2026-03-19')),
  ('10000000-0000-4000-8000-000000000034', 'Review investment portfolio', 'Check 401k and stock performance', 0, unixepoch('2026-03-25')),
  ('10000000-0000-4000-8000-000000000035', 'Pay monthly bills', 'Utilities, credit cards, insurance', 2, NULL),
  ('10000000-0000-4000-8000-000000000036', 'Create monthly budget', 'Track expenses and set savings goals', 0, unixepoch('2026-04-01')),
  ('10000000-0000-4000-8000-000000000037', 'Research new credit card', 'Compare rewards programs', 0, unixepoch('2026-04-07')),
  ('10000000-0000-4000-8000-000000000038', 'Finish painting project', 'Complete landscape artwork started last month', 1, unixepoch('2026-04-14')),
  ('10000000-0000-4000-8000-000000000039', 'Learn guitar song', 'Master "Wonderwall" chord progression', 1, NULL),
  ('10000000-0000-4000-8000-000000000040', 'Write in journal', 'Daily reflection and goal tracking', 1, NULL),
  ('10000000-0000-4000-8000-000000000041', 'Plan hiking trip', 'Research trails and camping spots', 0, unixepoch('2026-04-09')),
  ('10000000-0000-4000-8000-000000000042', 'Submit tax documents', 'Filed 2025 tax return', 2, NULL),
  ('10000000-0000-4000-8000-000000000043', 'Oil change for car', 'Regular maintenance completed', 2, NULL),
  ('10000000-0000-4000-8000-000000000044', 'Buy birthday gift for Sarah', 'Found perfect necklace at jewelry store', 2, NULL),
  ('10000000-0000-4000-8000-000000000045', 'Renew library books', 'Extended checkout for 3 more weeks', 2, NULL);

INSERT OR IGNORE INTO tags (id, name)
VALUES 
  ('20000000-0000-4000-8000-000000000001', 'home'), ('20000000-0000-4000-8000-000000000002', 'work'), 
  ('20000000-0000-4000-8000-000000000003', 'urgent'), ('20000000-0000-4000-8000-000000000004', 'phone'), 
  ('20000000-0000-4000-8000-000000000005', 'health'), ('20000000-0000-4000-8000-000000000006', 'fitness'),
  ('20000000-0000-4000-8000-000000000007', 'learning'), ('20000000-0000-4000-8000-000000000008', 'social'), 
  ('20000000-0000-4000-8000-000000000009', 'family'), ('20000000-0000-4000-8000-000000000010', 'finance'), 
  ('20000000-0000-4000-8000-000000000011', 'technology'), ('20000000-0000-4000-8000-000000000012', 'creative'), 
  ('20000000-0000-4000-8000-000000000013', 'travel'), ('20000000-0000-4000-8000-000000000014', 'maintenance'), 
  ('20000000-0000-4000-8000-000000000015', 'personal'), ('20000000-0000-4000-8000-000000000016', 'business'),
  ('20000000-0000-4000-8000-000000000017', 'outdoor'), ('20000000-0000-4000-8000-000000000018', 'shopping'), 
  ('20000000-0000-4000-8000-000000000019', 'appointment'), ('20000000-0000-4000-8000-000000000020', 'deadline'), 
  ('20000000-0000-4000-8000-000000000021', 'hobby'), ('20000000-0000-4000-8000-000000000022', 'exercise'), 
  ('20000000-0000-4000-8000-000000000023', 'education'), ('20000000-0000-4000-8000-000000000024', 'networking'), 
  ('20000000-0000-4000-8000-000000000025', 'administrative');

INSERT INTO task_tags (task_id, tag_id)
VALUES
  ('10000000-0000-4000-8000-000000000001','20000000-0000-4000-8000-000000000001'), ('10000000-0000-4000-8000-000000000001','20000000-0000-4000-8000-000000000018'),
  ('10000000-0000-4000-8000-000000000002','20000000-0000-4000-8000-000000000001'), ('10000000-0000-4000-8000-000000000002','20000000-0000-4000-8000-000000000014'),
  ('10000000-0000-4000-8000-000000000003','20000000-0000-4000-8000-000000000005'), ('10000000-0000-4000-8000-000000000003','20000000-0000-4000-8000-000000000004'), ('10000000-0000-4000-8000-000000000003','20000000-0000-4000-8000-000000000019'),
  ('10000000-0000-4000-8000-000000000004','20000000-0000-4000-8000-000000000013'), ('10000000-0000-4000-8000-000000000004','20000000-0000-4000-8000-000000000015'), ('10000000-0000-4000-8000-000000000004','20000000-0000-4000-8000-000000000001'),
  ('10000000-0000-4000-8000-000000000005','20000000-0000-4000-8000-000000000001'), ('10000000-0000-4000-8000-000000000005','20000000-0000-4000-8000-000000000014'), ('10000000-0000-4000-8000-000000000005','20000000-0000-4000-8000-000000000003'),
  ('10000000-0000-4000-8000-000000000006','20000000-0000-4000-8000-000000000016'), ('10000000-0000-4000-8000-000000000006','20000000-0000-4000-8000-000000000020'), ('10000000-0000-4000-8000-000000000006','20000000-0000-4000-8000-000000000003'),
  ('10000000-0000-4000-8000-000000000007','20000000-0000-4000-8000-000000000001'), ('10000000-0000-4000-8000-000000000007','20000000-0000-4000-8000-000000000017'),
  ('10000000-0000-4000-8000-000000000008','20000000-0000-4000-8000-000000000001'), ('10000000-0000-4000-8000-000000000008','20000000-0000-4000-8000-000000000015'),
  ('10000000-0000-4000-8000-000000000009','20000000-0000-4000-8000-000000000002'), ('10000000-0000-4000-8000-000000000009','20000000-0000-4000-8000-000000000003'), ('10000000-0000-4000-8000-000000000009','20000000-0000-4000-8000-000000000020'),
  ('10000000-0000-4000-8000-000000000010','20000000-0000-4000-8000-000000000002'), ('10000000-0000-4000-8000-000000000010','20000000-0000-4000-8000-000000000016'), ('10000000-0000-4000-8000-000000000010','20000000-0000-4000-8000-000000000020'),
  ('10000000-0000-4000-8000-000000000011','20000000-0000-4000-8000-000000000002'), ('10000000-0000-4000-8000-000000000011','20000000-0000-4000-8000-000000000016'),
  ('10000000-0000-4000-8000-000000000012','20000000-0000-4000-8000-000000000002'), ('10000000-0000-4000-8000-000000000012','20000000-0000-4000-8000-000000000012'),
  ('10000000-0000-4000-8000-000000000013','20000000-0000-4000-8000-000000000002'), ('10000000-0000-4000-8000-000000000013','20000000-0000-4000-8000-000000000016'), ('10000000-0000-4000-8000-000000000013','20000000-0000-4000-8000-000000000020'),
  ('10000000-0000-4000-8000-000000000014','20000000-0000-4000-8000-000000000002'), ('10000000-0000-4000-8000-000000000014','20000000-0000-4000-8000-000000000011'), ('10000000-0000-4000-8000-000000000014','20000000-0000-4000-8000-000000000019'),
  ('10000000-0000-4000-8000-000000000015','20000000-0000-4000-8000-000000000002'), ('10000000-0000-4000-8000-000000000015','20000000-0000-4000-8000-000000000011'), ('10000000-0000-4000-8000-000000000015','20000000-0000-4000-8000-000000000016'),
  ('10000000-0000-4000-8000-000000000016','20000000-0000-4000-8000-000000000002'), ('10000000-0000-4000-8000-000000000016','20000000-0000-4000-8000-000000000004'), ('10000000-0000-4000-8000-000000000016','20000000-0000-4000-8000-000000000006'),
  ('10000000-0000-4000-8000-000000000017','20000000-0000-4000-8000-000000000005'), ('10000000-0000-4000-8000-000000000017','20000000-0000-4000-8000-000000000006'), ('10000000-0000-4000-8000-000000000017','20000000-0000-4000-8000-000000000022'),
  ('10000000-0000-4000-8000-000000000018','20000000-0000-4000-8000-000000000005'), ('10000000-0000-4000-8000-000000000018','20000000-0000-4000-8000-000000000004'), ('10000000-0000-4000-8000-000000000018','20000000-0000-4000-8000-000000000019'),
  ('10000000-0000-4000-8000-000000000019','20000000-0000-4000-8000-000000000005'), ('10000000-0000-4000-8000-000000000019','20000000-0000-4000-8000-000000000006'), ('10000000-0000-4000-8000-000000000019','20000000-0000-4000-8000-000000000022'),
  ('10000000-0000-4000-8000-000000000020','20000000-0000-4000-8000-000000000005'), ('10000000-0000-4000-8000-000000000020','20000000-0000-4000-8000-000000000001'),
  ('10000000-0000-4000-8000-000000000021','20000000-0000-4000-8000-000000000007'), ('10000000-0000-4000-8000-000000000021','20000000-0000-4000-8000-000000000015'), ('10000000-0000-4000-8000-000000000021','20000000-0000-4000-8000-000000000021'),
  ('10000000-0000-4000-8000-000000000022','20000000-0000-4000-8000-000000000007'), ('10000000-0000-4000-8000-000000000022','20000000-0000-4000-8000-000000000023'), ('10000000-0000-4000-8000-000000000022','20000000-0000-4000-8000-000000000002'),
  ('10000000-0000-4000-8000-000000000023','20000000-0000-4000-8000-000000000007'), ('10000000-0000-4000-8000-000000000023','20000000-0000-4000-8000-000000000015'), ('10000000-0000-4000-8000-000000000023','20000000-0000-4000-8000-000000000021'),
  ('10000000-0000-4000-8000-000000000024','20000000-0000-4000-8000-000000000002'), ('10000000-0000-4000-8000-000000000024','20000000-0000-4000-8000-000000000008'), ('10000000-0000-4000-8000-000000000024','20000000-0000-4000-8000-000000000024'),
  ('10000000-0000-4000-8000-000000000025','20000000-0000-4000-8000-000000000008'), ('10000000-0000-4000-8000-000000000025','20000000-0000-4000-8000-000000000004'), ('10000000-0000-4000-8000-000000000025','20000000-0000-4000-8000-000000000009'),
  ('10000000-0000-4000-8000-000000000026','20000000-0000-4000-8000-000000000008'), ('10000000-0000-4000-8000-000000000026','20000000-0000-4000-8000-000000000009'), ('10000000-0000-4000-8000-000000000026','20000000-0000-4000-8000-000000000015'),
  ('10000000-0000-4000-8000-000000000027','20000000-0000-4000-8000-000000000008'), ('10000000-0000-4000-8000-000000000027','20000000-0000-4000-8000-000000000015'),
  ('10000000-0000-4000-8000-000000000028','20000000-0000-4000-8000-000000000008'), ('10000000-0000-4000-8000-000000000028','20000000-0000-4000-8000-000000000015'), ('10000000-0000-4000-8000-000000000028','20000000-0000-4000-8000-000000000025'),
  ('10000000-0000-4000-8000-000000000029','20000000-0000-4000-8000-000000000008'), ('10000000-0000-4000-8000-000000000029','20000000-0000-4000-8000-000000000009'),
  ('10000000-0000-4000-8000-000000000030','20000000-0000-4000-8000-000000000012'), ('10000000-0000-4000-8000-000000000030','20000000-0000-4000-8000-000000000015'), ('10000000-0000-4000-8000-000000000030','20000000-0000-4000-8000-000000000014'),
  ('10000000-0000-4000-8000-000000000031','20000000-0000-4000-8000-000000000012'), ('10000000-0000-4000-8000-000000000031','20000000-0000-4000-8000-000000000015'), ('10000000-0000-4000-8000-000000000031','20000000-0000-4000-8000-000000000003'),
  ('10000000-0000-4000-8000-000000000032','20000000-0000-4000-8000-000000000001'), ('10000000-0000-4000-8000-000000000032','20000000-0000-4000-8000-000000000012'), ('10000000-0000-4000-8000-000000000032','20000000-0000-4000-8000-000000000014'),
  ('10000000-0000-4000-8000-000000000033','20000000-0000-4000-8000-000000000012'), ('10000000-0000-4000-8000-000000000033','20000000-0000-4000-8000-000000000015'), ('10000000-0000-4000-8000-000000000033','20000000-0000-4000-8000-000000000025'),
  ('10000000-0000-4000-8000-000000000034','20000000-0000-4000-8000-000000000011'), ('10000000-0000-4000-8000-000000000034','20000000-0000-4000-8000-000000000015'),
  ('10000000-0000-4000-8000-000000000035','20000000-0000-4000-8000-000000000011'), ('10000000-0000-4000-8000-000000000035','20000000-0000-4000-8000-000000000001'), ('10000000-0000-4000-8000-000000000035','20000000-0000-4000-8000-000000000025'),
  ('10000000-0000-4000-8000-000000000036','20000000-0000-4000-8000-000000000011'), ('10000000-0000-4000-8000-000000000036','20000000-0000-4000-8000-000000000015'), ('10000000-0000-4000-8000-000000000036','20000000-0000-4000-8000-000000000025'),
  ('10000000-0000-4000-8000-000000000037','20000000-0000-4000-8000-000000000011'), ('10000000-0000-4000-8000-000000000037','20000000-0000-4000-8000-000000000015'),
  ('10000000-0000-4000-8000-000000000038','20000000-0000-4000-8000-000000000010'), ('10000000-0000-4000-8000-000000000038','20000000-0000-4000-8000-000000000021'), ('10000000-0000-4000-8000-000000000038','20000000-0000-4000-8000-000000000015'),
  ('10000000-0000-4000-8000-000000000039','20000000-0000-4000-8000-000000000010'), ('10000000-0000-4000-8000-000000000039','20000000-0000-4000-8000-000000000021'), ('10000000-0000-4000-8000-000000000039','20000000-0000-4000-8000-000000000007'),
  ('10000000-0000-4000-8000-000000000040','20000000-0000-4000-8000-000000000010'), ('10000000-0000-4000-8000-000000000040','20000000-0000-4000-8000-000000000015'), ('10000000-0000-4000-8000-000000000040','20000000-0000-4000-8000-000000000021'),
  ('10000000-0000-4000-8000-000000000041','20000000-0000-4000-8000-000000000013'), ('10000000-0000-4000-8000-000000000041','20000000-0000-4000-8000-000000000017'), ('10000000-0000-4000-8000-000000000041','20000000-0000-4000-8000-000000000021'),
  ('10000000-0000-4000-8000-000000000042','20000000-0000-4000-8000-000000000011'), ('10000000-0000-4000-8000-000000000042','20000000-0000-4000-8000-000000000025'), ('10000000-0000-4000-8000-000000000042','20000000-0000-4000-8000-000000000016'),
  ('10000000-0000-4000-8000-000000000043','20000000-0000-4000-8000-000000000014'), ('10000000-0000-4000-8000-000000000043','20000000-0000-4000-8000-000000000025'),
  ('10000000-0000-4000-8000-000000000044','20000000-0000-4000-8000-000000000008'), ('10000000-0000-4000-8000-000000000044','20000000-0000-4000-8000-000000000017'), ('10000000-0000-4000-8000-000000000044','20000000-0000-4000-8000-000000000009'),
  ('10000000-0000-4000-8000-000000000045','20000000-0000-4000-8000-000000000007'), ('10000000-0000-4000-8000-000000000045','20000000-0000-4000-8000-000000000025');

COMMIT;